{
  "Userdetails": [
    {
      "id": 1,
      "email": "rajgupta09875@gmail.com",
      "password": "123"
    },
    {
      "email": "rajgupta0875@gmail.com",
      "password": "1235555",
      "id": 2
    },
    {
      "email": "rajgupta70805@gmail.com",
      "password": "1235555",
      "id": 3
    },
    {
      "email": "sukanta@gmail.com",
      "password": "1235555",
      "id": 4
    },
    {
      "email": "sukanta@gmail.com",
      "password": "1235555",
      "id": 5
    },
    {
      "email": "sukanta@gmail.com",
      "password": "1235555",
      "id": 6
    },
    {
      "email": "sukanta@gmail.com",
      "password": "1235555",
      "id": 7
    },
    {
      "email": "rajgupta0875@gmail.com",
      "password": "1235555",
      "id": 8
    },
    {
      "email": "rajgupta0875@gmail.com",
      "password": "1235555",
      "id": 9
    },
    {
      "email": "raj@gmail.com",
      "password": "123456",
      "id": 10
    },
    {
      "email": "rajgupta0875@gmail.com",
      "password": "1235555",
      "id": 11
    },
    {
      "email": "rajgupta0875@gmail.com",
      "password": "1235555",
      "id": 12
    },
    {
      "email": "rajgupta0875@gmail.com",
      "password": "1235555",
      "id": 13
    },
    {
      "email": "rajgupta0875@gmail.com",
      "password": "1235555",
      "id": 14
    },
    {
      "email": "rajgupta0875@gmail.com",
      "password": "1235555",
      "id": 15
    },
    {
      "email": "rajgupta0875@gmail.com",
      "password": "1235555",
      "id": 16
    },
    {
      "email": "rajgupta0875@gmail.com",
      "password": "1235555",
      "id": 17
    }
  ]
}